n,t_mean,t_stdev
8,0,0
16,11722.7,107864
32,16429.7,131009
64,76511.7,296508
128,289484,475584
256,1.20299e+006,516948
512,4.98835e+006,945114
