n,t_mean,t_stdev
8,0,0
16,7816.41,88259
32,17707,143742
64,67777.3,268633
128,246730,440487
256,1.13205e+006,434522
512,4.67689e+006,726537
