n,t_mean,t_stdev
8,0,0
16,5871.09,93937.5
32,25578.1,167932
64,82179.7,278967
128,294047,468329
256,1.19745e+006,406858
512,4.92788e+006,761819
